<?xml version="1.0" encoding="UTF-8"?>
<project-private xmlns="http://www.netbeans.org/ns/project-private/1">
    <editor-bookmarks xmlns="http://www.netbeans.org/ns/editor-bookmarks/2" lastBookmarkId="0"/>
    <open-files xmlns="http://www.netbeans.org/ns/projectui-open-files/2">
        <group>
            <file>file:/C:/Users/ALBADRIJ_INFO/Desktop/EasyPHP-DevServer-14.1VC9/EasyPHP-DevServer-14.1VC9/data/localweb/projects/Targetos/target_FINAL/index.php</file>
            <file>file:/C:/Users/ALBADRIJ_INFO/Desktop/EasyPHP-DevServer-14.1VC9/EasyPHP-DevServer-14.1VC9/data/localweb/projects/Targetos/target_FINAL/model/functions.php</file>
            <file>file:/C:/Users/ALBADRIJ_INFO/Desktop/EasyPHP-DevServer-14.1VC9/EasyPHP-DevServer-14.1VC9/data/localweb/projects/Targetos/target_FINAL/model/function_BD.php</file>
            <file>file:/C:/Users/ALBADRIJ_INFO/Desktop/EasyPHP-DevServer-14.1VC9/EasyPHP-DevServer-14.1VC9/data/localweb/projects/Targetos/target_FINAL/views/userform.php</file>
            <file>file:/C:/Users/ALBADRIJ_INFO/Desktop/EasyPHP-DevServer-14.1VC9/EasyPHP-DevServer-14.1VC9/data/localweb/projects/Targetos/target_FINAL/users.php</file>
            <file>file:/C:/Users/ALBADRIJ_INFO/Desktop/EasyPHP-DevServer-14.1VC9/EasyPHP-DevServer-14.1VC9/data/localweb/projects/Targetos/target_FINAL/profil.php</file>
            <file>file:/C:/Users/ALBADRIJ_INFO/Desktop/EasyPHP-DevServer-14.1VC9/EasyPHP-DevServer-14.1VC9/data/localweb/projects/Targetos/target_FINAL/editProfil.php</file>
        </group>
    </open-files>
</project-private>
